task_id,title,description,category,difficulty,estimated_hours,deadline,status,assignee_id,required_skills
T301,プロジェクト全体計画書作成,プロジェクト全体の計画書を詳細に作成,企画,5,20,2025-02-10T00:00:00Z,pending,S005,企画
T302,ステークホルダー分析とマッピング,主要ステークホルダーの分析と関係性マッピング,企画,4,12,2025-02-12T00:00:00Z,pending,S001,企画
T303,リスク管理計画策定,プロジェクト全体のリスク管理計画を策定,企画,4,10,2025-02-15T00:00:00Z,pending,S009,企画
T304,予算計画とコスト見積もり,詳細な予算計画とコスト見積もりを実施,企画,5,16,2025-02-18T00:00:00Z,pending,S006,企画
T305,スケジュール管理計画作成,詳細なスケジュール管理計画を作成,企画,3,8,2025-02-20T00:00:00Z,pending,S001,企画
T306,品質管理計画策定,プロジェクトの品質管理計画を策定,企画,4,10,2025-02-22T00:00:00Z,pending,S005,企画
T307,コミュニケーション計画作成,チーム内外のコミュニケーション計画を作成,調整,3,8,2025-02-25T00:00:00Z,pending,S004,調整
T308,プロジェクトキックオフ資料作成,キックオフミーティング用の資料を作成,企画,3,6,2025-02-28T00:00:00Z,pending,S001,企画
T309,フロントエンド開発環境構築,React開発環境の構築とセットアップ,実行,4,12,2025-03-01T00:00:00Z,pending,S002,実行
T310,認証機能の実装,ユーザー認証・認可機能の実装,実行,5,18,2025-03-05T00:00:00Z,pending,S008,実行
T311,データベース接続とORM設定,データベース接続とORMの設定,実行,4,14,2025-03-08T00:00:00Z,pending,S002,実行
T312,CRUD操作API実装,基本的なCRUD操作のAPI実装,実行,4,16,2025-03-10T00:00:00Z,pending,S008,実行
T313,ファイルアップロード機能実装,ファイルアップロード・ダウンロード機能の実装,実行,4,12,2025-03-12T00:00:00Z,pending,S004,実行
T314,メール送信機能実装,システムメール送信機能の実装,実行,3,10,2025-03-15T00:00:00Z,pending,S002,実行
T315,ログ機能実装,システムログ記録機能の実装,実行,3,8,2025-03-18T00:00:00Z,pending,S008,実行
T316,エラーハンドリング実装,システム全体のエラーハンドリング実装,実行,4,12,2025-03-20T00:00:00Z,pending,S002,実行
T317,バリデーション機能実装,入力データのバリデーション機能実装,実行,3,10,2025-03-22T00:00:00Z,pending,S004,実行
T318,キャッシュ機能実装,パフォーマンス向上のためのキャッシュ機能実装,実行,4,14,2025-03-25T00:00:00Z,pending,S006,実行
T319,セキュリティ対策実装,SQLインジェクション対策などセキュリティ実装,実行,5,16,2025-03-28T00:00:00Z,pending,S008,実行
T320,パフォーマンス最適化,システム全体のパフォーマンス最適化,実行,4,12,2025-03-30T00:00:00Z,pending,S002,実行
T321,技術スタック調査,最新技術トレンドの調査と評価,探索,3,8,2025-04-01T00:00:00Z,pending,S003,探索
T322,競合サービス分析,競合サービスの機能とUI分析,探索,3,8,2025-04-03T00:00:00Z,pending,S007,探索
T323,ユーザーインタビュー実施,ターゲットユーザーへのインタビュー実施,探索,2,6,2025-04-05T00:00:00Z,pending,S003,探索
T324,UIデザイン調整,ユーザーフィードバックに基づくUI調整,調整,3,8,2025-04-08T00:00:00Z,pending,S004,調整
T325,チームミーティング調整,定例ミーティングの調整と進行,調整,2,4,2025-04-10T00:00:00Z,pending,S004,調整
T326,プロジェクト進捗レポート作成,週次進捗レポートの作成,調整,2,4,2025-04-12T00:00:00Z,pending,S007,調整
T327,要件定義書レビュー,要件定義書のレビューとフィードバック,企画,3,6,2025-04-15T00:00:00Z,pending,S005,企画
T328,設計書レビュー,システム設計書のレビュー,企画,3,6,2025-04-18T00:00:00Z,pending,S006,企画
T329,データベース設計レビュー,データベース設計のレビュー,企画,2,4,2025-04-20T00:00:00Z,pending,S009,企画
T330,API設計レビュー,API設計書のレビュー,企画,2,4,2025-04-22T00:00:00Z,pending,S006,企画
T331,UI/UXデザイン調査,最新のUI/UXデザイントレンド調査,探索,2,6,2025-04-25T00:00:00Z,pending,S007,探索
T332,アクセシビリティ調査,Webアクセシビリティの調査,探索,2,6,2025-04-28T00:00:00Z,pending,S003,探索
T333,テスト環境構築,テスト用の環境構築,実行,3,8,2025-05-01T00:00:00Z,pending,S008,実行
T334,デプロイスクリプト作成,自動デプロイ用のスクリプト作成,実行,3,8,2025-05-03T00:00:00Z,pending,S002,実行
T335,システム監視設定,システム監視ツールの設定,実行,2,6,2025-05-05T00:00:00Z,pending,S008,実行
T336,セキュリティ監査実施,セキュリティ監査の実施とレポート作成,探索,4,10,2025-05-08T00:00:00Z,pending,S009,探索
T337,パフォーマンステスト実施,システムのパフォーマンステスト実施,探索,3,8,2025-05-10T00:00:00Z,pending,S003,探索
